id,user_id,value,unit,device_id,original_id,captured_at,height,devicetype_id,latitude,longitude,city,p_lowinc,pct_minority,p_edu_lths,p_emp_stat_unemployed,lifeexp,per_cap_inc,raw_e_diesel,raw_e_cancer,raw_e_resp,raw_e_traffic,raw_e_npl,raw_e_rmp,raw_e_tsdf,raw_e_o3,raw_e_pm25,raw_e_rsei_air,totalpop,num_airpoll,raw_hi_asthma,raw_hi_cancer,raw_ci_fire,raw_ci_fire30
130893407,304,32,cpm,300172,130893407,2019-01-11 07:21:09+00:00,112,lnd_7318c,34.111767,-118.255486,Los Angeles,32,58,16,8,79,44261,0.43,33,0.47,1000,0.46,0.15,10,69.8,10.4,820,306740,12,8.7,4.9,20%,28%
130191882,304,2.8,celcius,300179,130191882,2019-01-02 07:08:20+00:00,113,"DeviceID:30017,Temperature:2.8,Battery Voltage:3.858297",34.111824,-118.255531,Los Angeles,32,58,16,8,79,44289,0.429,33,0.46,1000,0.46,0.15,10,69.8,10.4,820,306164,12,8.7,4.9,20%,28%
130536188,304,38,cpm,300172,130536188,2019-01-07 10:04:46+00:00,114,lnd_7318c,34.111797,-118.255486,Los Angeles,32,58,16,8,79,44289,0.43,33,0.47,1000,0.46,0.15,10,69.8,10.4,820,306914,12,8.7,4.9,20%,28%
130793391,304,37,cpm,300171,130793391,2019-01-08 14:49:46+00:00,114,lnd_7318u,34.111797,-118.255486,Los Angeles,32,58,16,8,79,44289,0.43,33,0.47,1000,0.46,0.15,10,69.8,10.4,820,306914,12,8.7,4.9,20%,28%
131001732,304,31,cpm,300172,131001732,2019-01-14 04:51:09+00:00,103,lnd_7318c,34.111805,-118.255501,Los Angeles,32,58,16,8,79,44289,0.43,33,0.46,1100,0.46,0.15,10,69.8,10.4,820,307103,12,8.7,4.9,20%,28%
131003308,304,29,cpm,300172,131003308,2019-01-14 05:51:09+00:00,103,lnd_7318c,34.111805,-118.255501,Los Angeles,32,58,16,8,79,44289,0.43,33,0.46,1100,0.46,0.15,10,69.8,10.4,820,307103,12,8.7,4.9,20%,28%
131689719,304,29,cpm,300172,131689719,2019-01-25 03:26:54+00:00,96,lnd_7318c,34.111794,-118.255547,Los Angeles,32,58,16,8,79,44289,0.43,33,0.46,1000,0.46,0.15,10,69.8,10.4,820,306605,12,8.7,4.9,20%,28%
131735117,304,34,cpm,300171,131735117,2019-01-25 15:26:54+00:00,96,lnd_7318u,34.111794,-118.255547,Los Angeles,32,58,16,8,79,44289,0.43,33,0.46,1000,0.46,0.15,10,69.8,10.4,820,306605,12,8.7,4.9,20%,28%
131771213,304,37,cpm,300171,131771213,2019-01-26 13:56:54+00:00,96,lnd_7318u,34.111794,-118.255547,Los Angeles,32,58,16,8,79,44289,0.43,33,0.46,1000,0.46,0.15,10,69.8,10.4,820,306605,12,8.7,4.9,20%,28%
131780886,304,30,cpm,300172,131780886,2019-01-26 20:41:54+00:00,96,lnd_7318c,34.111794,-118.255547,Los Angeles,32,58,16,8,79,44289,0.43,33,0.46,1000,0.46,0.15,10,69.8,10.4,820,306605,12,8.7,4.9,20%,28%
131853858,304,32,cpm,300171,131853858,2019-01-28 18:26:54+00:00,105,lnd_7318u,34.111813,-118.255585,Los Angeles,32,58,16,8,79,44289,0.43,33,0.46,1000,0.46,0.15,10,69.8,10.4,820,306339,12,8.7,4.9,20%,28%
130510742,304,12.2,celcius,300179,130510742,2019-01-06 18:04:46+00:00,114,"DeviceID:30017,Temperature:12.2,Battery Voltage:3.787594",34.111797,-118.255486,Los Angeles,32,58,16,8,79,44289,0.43,33,0.47,1000,0.46,0.15,10,69.8,10.4,820,306914,12,8.7,4.9,20%,28%
131778915,304,37,cpm,300171,131778915,2019-01-26 19:11:54+00:00,96,lnd_7318u,34.111794,-118.255547,Los Angeles,32,58,16,8,79,44289,0.43,33,0.46,1000,0.46,0.15,10,69.8,10.4,820,306605,12,8.7,4.9,20%,28%
131778921,304,31,cpm,300172,131778921,2019-01-26 19:11:54+00:00,96,lnd_7318c,34.111794,-118.255547,Los Angeles,32,58,16,8,79,44289,0.43,33,0.46,1000,0.46,0.15,10,69.8,10.4,820,306605,12,8.7,4.9,20%,28%
131803923,304,7.6,celcius,300179,131803923,2019-01-27 10:26:54+00:00,105,"DeviceID:30017,Temperature:7.6",34.111813,-118.255585,Los Angeles,32,58,16,8,79,44289,0.43,33,0.46,1000,0.46,0.15,10,69.8,10.4,820,306339,12,8.7,4.9,20%,28%
130169652,304,35,cpm,300172,130169652,2019-01-01 16:38:20+00:00,113,lnd_7318c,34.111824,-118.255531,Los Angeles,32,58,16,8,79,44289,0.429,33,0.46,1000,0.46,0.15,10,69.8,10.4,820,306164,12,8.7,4.9,20%,28%
130530330,304,11.6,celcius,300179,130530330,2019-01-07 07:05:31+00:00,114,"DeviceID:30017,Temperature:11.6,Battery Voltage:3.864000",34.111797,-118.255486,Los Angeles,32,58,16,8,79,44289,0.43,33,0.47,1000,0.46,0.15,10,69.8,10.4,820,306914,12,8.7,4.9,20%,28%
130768181,304,26.1,celcius,300179,130768181,2019-01-07 22:04:46+00:00,114,"DeviceID:30017,Temperature:26.1,Battery Voltage:3.895422",34.111797,-118.255486,Los Angeles,32,58,16,8,79,44289,0.43,33,0.47,1000,0.46,0.15,10,69.8,10.4,820,306914,12,8.7,4.9,20%,28%
131023808,304,38,cpm,300171,131023808,2019-01-14 19:36:09+00:00,94,lnd_7318u,34.111855,-118.255547,Los Angeles,32,58,16,8,79,44348,0.429,33,0.46,1000,0.46,0.15,10,69.8,10.4,820,306702,12,8.7,4.9,20%,28%
130986424,304,36,cpm,300171,130986424,2019-01-13 19:21:09+00:00,113,lnd_7318u,34.111744,-118.255516,Los Angeles,32,58,16,8,79,44261,0.43,33,0.47,1000,0.46,0.15,10,69.8,10.4,820,306782,12,8.7,4.9,20%,28%
130912005,304,29,cpm,300172,130912005,2019-01-11 19:06:09+00:00,112,lnd_7318c,34.111767,-118.255486,Los Angeles,32,58,16,8,79,44261,0.43,33,0.47,1000,0.46,0.15,10,69.8,10.4,820,306740,12,8.7,4.9,20%,28%
130995951,304,37,cpm,300171,130995951,2019-01-14 01:36:09+00:00,103,lnd_7318u,34.111805,-118.255501,Los Angeles,32,58,16,8,79,44289,0.43,33,0.46,1100,0.46,0.15,10,69.8,10.4,820,307103,12,8.7,4.9,20%,28%
130986428,304,32,cpm,300172,130986428,2019-01-13 19:06:09+00:00,113,lnd_7318c,34.111744,-118.255516,Los Angeles,32,58,16,8,79,44261,0.43,33,0.47,1000,0.46,0.15,10,69.8,10.4,820,306782,12,8.7,4.9,20%,28%
130910153,304,15.8,celcius,300179,130910153,2019-01-11 18:36:46+00:00,112,"DeviceID:30017,Temperature:15.8,Battery Voltage:3.880985",34.111767,-118.255486,Los Angeles,32,58,16,8,79,44261,0.43,33,0.47,1000,0.46,0.15,10,69.8,10.4,820,306740,12,8.7,4.9,20%,28%
131697298,304,36,cpm,300171,131697298,2019-01-25 08:26:54+00:00,96,lnd_7318u,34.111794,-118.255547,Los Angeles,32,58,16,8,79,44289,0.43,33,0.46,1000,0.46,0.15,10,69.8,10.4,820,306605,12,8.7,4.9,20%,28%
132256242,304,34,cpm,300171,132256242,2019-02-05 07:23:01+00:00,226,lnd_7318u,34.112179,-118.255325,Los Angeles,32,58,16,8,79,44489,0.428,33,0.46,1000,0.46,0.15,10,69.8,10.4,820,304970,12,8.7,4.9,21%,28%
133291290,304,27.6,celcius,300179,133291290,2019-02-21 19:56:11+00:00,117,"DeviceID:30017,Temperature:27.6",34.111752,-118.255516,Los Angeles,32,58,16,8,79,44261,0.43,33,0.47,1000,0.46,0.15,10,69.8,10.4,820,306876,12,8.7,4.9,20%,28%
133285173,304,6.9,celcius,300179,133285173,2019-02-21 16:11:11+00:00,117,"DeviceID:30017,Temperature:6.9,Battery Voltage:3.875266",34.111752,-118.255516,Los Angeles,32,58,16,8,79,44261,0.43,33,0.47,1000,0.46,0.15,10,69.8,10.4,820,306876,12,8.7,4.9,20%,28%
132664894,304,12.2,celcius,300179,132664894,2019-02-14 06:28:48+00:00,99,"DeviceID:30017,Temperature:12.2,Battery Voltage:3.885313",34.111778,-118.255569,Los Angeles,32,58,16,8,79,44289,0.43,33,0.46,1000,0.46,0.15,10,69.8,10.4,820,306554,12,8.7,4.9,20%,28%
133190862,304,30,cpm,300172,133190862,2019-02-19 04:53:48+00:00,111,lnd_7318c,34.111824,-118.255516,Los Angeles,32,58,16,8,79,44289,0.429,33,0.46,1000,0.46,0.15,10,69.8,10.4,820,306237,12,8.7,4.9,20%,28%
133190861,304,35,cpm,300172,133190861,2019-02-19 04:33:48+00:00,111,lnd_7318c,34.111824,-118.255516,Los Angeles,32,58,16,8,79,44289,0.429,33,0.46,1000,0.46,0.15,10,69.8,10.4,820,306237,12,8.7,4.9,20%,28%
132629471,304,33,cpm,300171,132629471,2019-02-13 07:01:23+00:00,104,lnd_7318u,34.11171,-118.2556,Los Angeles,32,58,16,8,79,44261,0.43,33,0.47,1000,0.45,0.15,10,69.8,10.4,820,307514,12,8.7,4.9,20%,28%
132638654,304,34,cpm,300172,132638654,2019-02-13 12:21:23+00:00,104,lnd_7318c,34.11171,-118.2556,Los Angeles,32,58,16,8,79,44261,0.43,33,0.47,1000,0.45,0.15,10,69.8,10.4,820,307514,12,8.7,4.9,20%,28%
133414552,304,30,cpm,300171,133414552,2019-02-24 23:46:11+00:00,92,lnd_7318u,34.111713,-118.255569,Los Angeles,32,58,16,8,79,44261,0.43,33,0.46,1000,0.45,0.15,10,69.8,10.4,820,307222,12,8.7,4.9,20%,28%
133418425,304,31,cpm,300171,133418425,2019-02-25 01:26:11+00:00,92,lnd_7318u,34.111713,-118.255569,Los Angeles,32,58,16,8,79,44261,0.43,33,0.46,1000,0.45,0.15,10,69.8,10.4,820,307222,12,8.7,4.9,20%,28%
133418440,304,16.4,celcius,300179,133418440,2019-02-25 01:36:11+00:00,92,"DeviceID:30017,Temperature:16.4,Battery Voltage:3.951922",34.111713,-118.255569,Los Angeles,32,58,16,8,79,44261,0.43,33,0.46,1000,0.45,0.15,10,69.8,10.4,820,307222,12,8.7,4.9,20%,28%
133479553,304,4.1,celcius,300179,133479553,2019-02-26 14:41:11+00:00,92,"DeviceID:30017,Temperature:4.1,Battery Voltage:3.888328",34.111713,-118.255569,Los Angeles,32,58,16,8,79,44261,0.43,33,0.46,1000,0.45,0.15,10,69.8,10.4,820,307222,12,8.7,4.9,20%,28%
132581490,304,36,cpm,300171,132581490,2019-02-11 23:21:23+00:00,121,lnd_7318u,34.111752,-118.255501,Los Angeles,32,58,16,8,79,44261,0.43,33,0.47,1000,0.46,0.15,10,69.8,10.4,820,306949,12,8.7,4.9,20%,28%
132799501,304,29,cpm,300172,132799501,2019-02-15 10:58:48+00:00,149,lnd_7318c,34.112038,-118.255417,Los Angeles,32,58,16,8,79,44418,0.429,33,0.46,1000,0.46,0.15,10,69.8,10.4,820,305212,12,8.7,4.9,20%,28%
132909061,304,35,cpm,300171,132909061,2019-02-18 08:43:48+00:00,111,lnd_7318u,34.111824,-118.255516,Los Angeles,32,58,16,8,79,44289,0.429,33,0.46,1000,0.46,0.15,10,69.8,10.4,820,306237,12,8.7,4.9,20%,28%
133304433,304,7.1,celcius,300179,133304433,2019-02-22 04:26:11+00:00,117,"DeviceID:30017,Temperature:7.1",34.111752,-118.255516,Los Angeles,32,58,16,8,79,44261,0.43,33,0.47,1000,0.46,0.15,10,69.8,10.4,820,306876,12,8.7,4.9,20%,28%
133351686,304,33,cpm,300172,133351686,2019-02-23 08:26:11+00:00,117,lnd_7318c,34.111752,-118.255516,Los Angeles,32,58,16,8,79,44261,0.43,33,0.47,1000,0.46,0.15,10,69.8,10.4,820,306876,12,8.7,4.9,20%,28%
132829978,304,27,cpm,300171,132829978,2019-02-16 07:14:23+00:00,126,lnd_7318u,34.112038,-118.255417,Los Angeles,32,58,16,8,79,44418,0.429,33,0.46,1000,0.46,0.15,10,69.8,10.4,820,305212,12,8.7,4.9,20%,28%
132543633,304,37,cpm,300171,132543633,2019-02-11 05:06:23+00:00,121,lnd_7318u,34.111752,-118.255501,Los Angeles,32,58,16,8,79,44261,0.43,33,0.47,1000,0.46,0.15,10,69.8,10.4,820,306949,12,8.7,4.9,20%,28%
132545574,304,33,cpm,300171,132545574,2019-02-11 05:51:23+00:00,121,lnd_7318u,34.111752,-118.255501,Los Angeles,32,58,16,8,79,44261,0.43,33,0.47,1000,0.46,0.15,10,69.8,10.4,820,306949,12,8.7,4.9,20%,28%
132575826,304,35,cpm,300172,132575826,2019-02-11 19:31:23+00:00,121,lnd_7318c,34.111752,-118.255501,Los Angeles,32,58,16,8,79,44261,0.43,33,0.47,1000,0.46,0.15,10,69.8,10.4,820,306949,12,8.7,4.9,20%,28%
133232045,304,34,cpm,300171,133232045,2019-02-20 06:23:48+00:00,115,lnd_7318u,34.111748,-118.255531,Los Angeles,32,58,16,8,79,44261,0.43,33,0.46,1000,0.45,0.15,10,69.8,10.4,820,307569,12,8.7,4.9,20%,28%
132712595,304,30,cpm,300172,132712595,2019-02-14 12:28:48+00:00,109,lnd_7318c,34.111729,-118.255516,Los Angeles,32,58,16,8,79,44261,0.43,33,0.47,1000,0.46,0.15,10,69.8,10.4,820,306857,12,8.7,4.9,20%,28%
133387128,304,31,cpm,300171,133387128,2019-02-24 07:06:56+00:00,92,lnd_7318u,34.111713,-118.255569,Los Angeles,32,58,16,8,79,44261,0.43,33,0.46,1000,0.45,0.15,10,69.8,10.4,820,307222,12,8.7,4.9,20%,28%
133448924,304,33,cpm,300171,133448924,2019-02-25 19:56:11+00:00,92,lnd_7318u,34.111713,-118.255569,Los Angeles,32,58,16,8,79,44261,0.43,33,0.46,1000,0.45,0.15,10,69.8,10.4,820,307222,12,8.7,4.9,20%,28%
134274891,304,32,cpm,300172,134274891,2019-03-17 07:22:46+00:00,110,lnd_7318c,34.111809,-118.255486,Los Angeles,32,58,16,8,79,44289,0.43,33,0.46,1100,0.46,0.15,10,69.8,10.4,820,307103,12,8.7,4.9,20%,28%
134582920,304,33,cpm,300171,134582920,2019-03-21 15:23:31+00:00,114,lnd_7318u,34.111771,-118.255531,Los Angeles,32,58,16,8,79,44289,0.43,33,0.46,1000,0.45,0.15,10,69.8,10.4,820,307845,12,8.7,4.9,20%,28%
134261486,304,31,cpm,300171,134261486,2019-03-16 21:32:46+00:00,102,lnd_7318u,34.11174,-118.255501,Los Angeles,32,58,16,8,79,44261,0.43,33,0.47,1000,0.46,0.15,10,69.8,10.4,820,306855,12,8.7,4.9,20%,28%
134483146,304,34,cpm,300172,134483146,2019-03-18 13:52:46+00:00,96,lnd_7318c,34.111755,-118.255486,Los Angeles,32,58,16,8,79,44261,0.43,33,0.47,1000,0.46,0.15,10,69.8,10.4,820,306949,12,8.7,4.9,20%,28%
134486792,304,37,cpm,300171,134486792,2019-03-18 15:37:46+00:00,96,lnd_7318u,34.111755,-118.255486,Los Angeles,32,58,16,8,79,44261,0.43,33,0.47,1000,0.46,0.15,10,69.8,10.4,820,306949,12,8.7,4.9,20%,28%
134128430,304,38,cpm,300171,134128430,2019-03-13 02:07:54+00:00,108,lnd_7318u,34.111744,-118.255531,Los Angeles,32,58,16,8,79,44261,0.43,33,0.47,1000,0.45,0.15,10,69.8,10.4,820,307517,12,8.7,4.9,20%,28%
134083236,304,26.1,celcius,300179,134083236,2019-03-11 20:17:54+00:00,108,"DeviceID:30017,Temperature:26.1",34.111744,-118.255531,Los Angeles,32,58,16,8,79,44261,0.43,33,0.47,1000,0.45,0.15,10,69.8,10.4,820,307517,12,8.7,4.9,20%,28%
134479894,304,12.7,celcius,300179,134479894,2019-03-18 10:52:46+00:00,96,"DeviceID:30017,Temperature:12.7",34.111755,-118.255486,Los Angeles,32,58,16,8,79,44261,0.43,33,0.47,1000,0.46,0.15,10,69.8,10.4,820,306949,12,8.7,4.9,20%,28%
134100708,304,15.8,celcius,300179,134100708,2019-03-12 07:57:54+00:00,108,"DeviceID:30017,Temperature:15.8",34.111744,-118.255531,Los Angeles,32,58,16,8,79,44261,0.43,33,0.47,1000,0.45,0.15,10,69.8,10.4,820,307517,12,8.7,4.9,20%,28%
134491477,304,29,cpm,300172,134491477,2019-03-18 19:52:46+00:00,96,lnd_7318c,34.111755,-118.255486,Los Angeles,32,58,16,8,79,44261,0.43,33,0.47,1000,0.46,0.15,10,69.8,10.4,820,306949,12,8.7,4.9,20%,28%
134483468,304,35,cpm,300171,134483468,2019-03-18 14:38:31+00:00,96,lnd_7318u,34.111755,-118.255486,Los Angeles,32,58,16,8,79,44261,0.43,33,0.47,1000,0.46,0.15,10,69.8,10.4,820,306949,12,8.7,4.9,20%,28%
134489858,304,30,cpm,300172,134489858,2019-03-18 18:22:46+00:00,96,lnd_7318c,34.111755,-118.255486,Los Angeles,32,58,16,8,79,44261,0.43,33,0.47,1000,0.46,0.15,10,69.8,10.4,820,306949,12,8.7,4.9,20%,28%
135106667,304,35,cpm,300171,135106667,2019-03-29 08:24:00+00:00,103,lnd_7318u,34.111767,-118.255501,Los Angeles,32,58,16,8,79,44261,0.43,33,0.47,1000,0.46,0.15,10,69.8,10.4,820,307114,12,8.7,4.9,20%,28%
134255170,304,40,cpm,300171,134255170,2019-03-16 17:43:26+00:00,102,lnd_7318u,34.11174,-118.255501,Los Angeles,32,58,16,8,79,44261,0.43,33,0.47,1000,0.46,0.15,10,69.8,10.4,820,306855,12,8.7,4.9,20%,28%
134261495,304,34,cpm,300172,134261495,2019-03-16 21:42:46+00:00,102,lnd_7318c,34.11174,-118.255501,Los Angeles,32,58,16,8,79,44261,0.43,33,0.47,1000,0.46,0.15,10,69.8,10.4,820,306855,12,8.7,4.9,20%,28%
134588928,304,30,cpm,300172,134588928,2019-03-21 19:03:23+00:00,108,lnd_7318c,34.111736,-118.255501,Los Angeles,32,58,16,8,79,44261,0.43,33,0.47,1000,0.46,0.15,10,69.8,10.4,820,306855,12,8.7,4.9,20%,28%
134271626,304,14.9,celcius,300179,134271626,2019-03-17 05:43:18+00:00,110,"DeviceID:30017,Temperature:14.9",34.111809,-118.255486,Los Angeles,32,58,16,8,79,44289,0.43,33,0.46,1100,0.46,0.15,10,69.8,10.4,820,307103,12,8.7,4.9,20%,28%
133876802,304,38,cpm,300171,133876802,2019-03-06 17:30:34+00:00,98,lnd_7318u,34.111801,-118.255615,Los Angeles,32,58,16,8,79,44289,0.43,33,0.46,1000,0.46,0.15,10,69.8,10.4,820,306790,12,8.7,4.9,20%,28%
134271619,304,30,cpm,300172,134271619,2019-03-17 05:43:18+00:00,110,lnd_7318c,34.111809,-118.255486,Los Angeles,32,58,16,8,79,44289,0.43,33,0.46,1100,0.46,0.15,10,69.8,10.4,820,307103,12,8.7,4.9,20%,28%
134273313,304,13.8,celcius,300179,134273313,2019-03-17 06:42:46+00:00,110,"DeviceID:30017,Temperature:13.8",34.111809,-118.255486,Los Angeles,32,58,16,8,79,44289,0.43,33,0.46,1100,0.46,0.15,10,69.8,10.4,820,307103,12,8.7,4.9,20%,28%
134282888,304,31,cpm,300172,134282888,2019-03-17 14:08:16+00:00,110,lnd_7318c,34.111809,-118.255486,Los Angeles,32,58,16,8,79,44289,0.43,33,0.46,1100,0.46,0.15,10,69.8,10.4,820,307103,12,8.7,4.9,20%,28%
134294041,304,34,cpm,300171,134294041,2019-03-17 22:12:46+00:00,110,lnd_7318u,34.111809,-118.255486,Los Angeles,32,58,16,8,79,44289,0.43,33,0.46,1100,0.46,0.15,10,69.8,10.4,820,307103,12,8.7,4.9,20%,28%
135166428,304,35,cpm,300171,135166428,2019-03-29 17:44:00+00:00,103,lnd_7318u,34.111767,-118.255501,Los Angeles,32,58,16,8,79,44261,0.43,33,0.47,1000,0.46,0.15,10,69.8,10.4,820,307114,12,8.7,4.9,20%,28%
134279662,304,10.6,celcius,300179,134279662,2019-03-17 10:32:46+00:00,110,"DeviceID:30017,Temperature:10.6,Battery Voltage:3.904094",34.111809,-118.255486,Los Angeles,32,58,16,8,79,44289,0.43,33,0.46,1100,0.46,0.15,10,69.8,10.4,820,307103,12,8.7,4.9,20%,28%
135104970,304,32,cpm,300172,135104970,2019-03-29 07:34:00+00:00,103,lnd_7318c,34.111767,-118.255501,Los Angeles,32,58,16,8,79,44261,0.43,33,0.47,1000,0.46,0.15,10,69.8,10.4,820,307114,12,8.7,4.9,20%,28%
135484996,304,23.9,celcius,300179,135484996,2019-04-07 16:09:51+00:00,56,"DeviceID:30017,Temperature:23.9",34.111923,-118.255516,Los Angeles,32,58,16,8,79,44348,0.429,33,0.46,1000,0.46,0.15,10,69.8,10.4,820,305608,12,8.7,4.9,20%,28%
135509690,304,14.2,celcius,300179,135509690,2019-04-08 10:39:51+00:00,55,"DeviceID:30017,Temperature:14.2",34.111919,-118.255516,Los Angeles,32,58,16,8,79,44348,0.429,33,0.46,1000,0.46,0.15,10,69.8,10.4,820,305608,12,8.7,4.9,20%,28%
135788791,304,36,cpm,300171,135788791,2019-04-16 17:28:42+00:00,104,lnd_7318u,34.111774,-118.25547,Los Angeles,32,58,16,8,79,44289,0.43,33,0.47,1000,0.46,0.15,10,69.8,10.4,820,306914,12,8.7,4.9,20%,28%
135358997,304,36,cpm,300171,135358997,2019-04-04 00:24:00+00:00,103,lnd_7318u,34.111584,-118.255745,Los Angeles,32,58,16,8,79,44054,0.431,33,0.47,1100,0.45,0.15,10,69.7,10.4,820,308160,12,8.7,4.8,20%,28%
135360743,304,31,cpm,300171,135360743,2019-04-04 01:24:00+00:00,103,lnd_7318u,34.111584,-118.255745,Los Angeles,32,58,16,8,79,44054,0.431,33,0.47,1100,0.45,0.15,10,69.7,10.4,820,308160,12,8.7,4.8,20%,28%
135382141,304,40,cpm,300171,135382141,2019-04-04 16:29:00+00:00,103,lnd_7318u,34.111584,-118.255745,Los Angeles,32,58,16,8,79,44054,0.431,33,0.47,1100,0.45,0.15,10,69.7,10.4,820,308160,12,8.7,4.8,20%,28%
135385419,304,39,cpm,300171,135385419,2019-04-04 18:54:00+00:00,103,lnd_7318u,34.111584,-118.255745,Los Angeles,32,58,16,8,79,44054,0.431,33,0.47,1100,0.45,0.15,10,69.7,10.4,820,308160,12,8.7,4.8,20%,28%
135394107,304,22,celcius,300179,135394107,2019-04-05 00:59:51+00:00,91,"DeviceID:30017,Temperature:22.0,Battery Voltage:3.968531",34.111694,-118.255547,Los Angeles,32,58,16,8,79,44261,0.43,33,0.46,1000,0.45,0.15,10,69.8,10.4,820,307403,12,8.7,4.9,20%,28%
135397602,304,15.4,celcius,300179,135397602,2019-04-05 03:50:33+00:00,91,"DeviceID:30017,Temperature:15.4",34.111694,-118.255547,Los Angeles,32,58,16,8,79,44261,0.43,33,0.46,1000,0.45,0.15,10,69.8,10.4,820,307403,12,8.7,4.9,20%,28%
137073509,304,33,cpm,300172,137073509,2019-04-24 21:05:04+00:00,119,lnd_7318c,34.11174,-118.255531,Los Angeles,32,58,16,8,79,44261,0.43,33,0.47,1000,0.45,0.15,10,69.8,10.4,820,307517,12,8.7,4.9,20%,28%
137324352,304,16.7,celcius,300179,137324352,2019-04-25 09:24:34+00:00,119,"DeviceID:30017,Temperature:16.7",34.11174,-118.255531,Los Angeles,32,58,16,8,79,44261,0.43,33,0.47,1000,0.45,0.15,10,69.8,10.4,820,307517,12,8.7,4.9,20%,28%
137335418,304,35,cpm,300171,137335418,2019-04-25 18:34:34+00:00,119,lnd_7318u,34.11174,-118.255531,Los Angeles,32,58,16,8,79,44261,0.43,33,0.47,1000,0.45,0.15,10,69.8,10.4,820,307517,12,8.7,4.9,20%,28%
135611606,304,29,cpm,300172,135611606,2019-04-11 14:20:26+00:00,108,lnd_7318c,34.111809,-118.255585,Los Angeles,32,58,16,8,79,44289,0.43,33,0.46,1000,0.46,0.15,10,69.8,10.4,820,306339,12,8.7,4.9,20%,28%
135618114,304,36,cpm,300171,135618114,2019-04-11 18:59:51+00:00,108,lnd_7318u,34.111809,-118.255585,Los Angeles,32,58,16,8,79,44289,0.43,33,0.46,1000,0.46,0.15,10,69.8,10.4,820,306339,12,8.7,4.9,20%,28%
135618120,304,31,cpm,300172,135618120,2019-04-11 18:09:51+00:00,108,lnd_7318c,34.111809,-118.255585,Los Angeles,32,58,16,8,79,44289,0.43,33,0.46,1000,0.46,0.15,10,69.8,10.4,820,306339,12,8.7,4.9,20%,28%
135618117,304,38,cpm,300171,135618117,2019-04-11 18:29:51+00:00,108,lnd_7318u,34.111809,-118.255585,Los Angeles,32,58,16,8,79,44289,0.43,33,0.46,1000,0.46,0.15,10,69.8,10.4,820,306339,12,8.7,4.9,20%,28%
137422738,304,32,cpm,300172,137422738,2019-04-29 12:12:24+00:00,100,lnd_7318c,34.111843,-118.25544,Los Angeles,32,58,16,8,79,44348,0.43,33,0.46,1100,0.46,0.15,10,69.8,10.4,820,306823,12,8.7,4.9,20%,28%
135439419,304,32,cpm,300172,135439419,2019-04-06 07:49:51+00:00,109,lnd_7318c,34.111755,-118.255516,Los Angeles,32,58,16,8,79,44261,0.43,33,0.47,1000,0.46,0.15,10,69.8,10.4,820,306876,12,8.7,4.9,20%,28%
135757202,304,39,cpm,300171,135757202,2019-04-16 03:58:42+00:00,104,lnd_7318u,34.111774,-118.25547,Los Angeles,32,58,16,8,79,44289,0.43,33,0.47,1000,0.46,0.15,10,69.8,10.4,820,306914,12,8.7,4.9,20%,28%
135758853,304,13.1,celcius,300179,135758853,2019-04-16 05:49:18+00:00,104,"DeviceID:30017,Temperature:13.1",34.111774,-118.25547,Los Angeles,32,58,16,8,79,44289,0.43,33,0.47,1000,0.46,0.15,10,69.8,10.4,820,306914,12,8.7,4.9,20%,28%
135469532,304,36,cpm,300171,135469532,2019-04-07 05:30:26+00:00,56,lnd_7318u,34.111923,-118.255516,Los Angeles,32,58,16,8,79,44348,0.429,33,0.46,1000,0.46,0.15,10,69.8,10.4,820,305608,12,8.7,4.9,20%,28%
135471244,304,14.7,celcius,300179,135471244,2019-04-07 06:40:26+00:00,56,"DeviceID:30017,Temperature:14.7",34.111923,-118.255516,Los Angeles,32,58,16,8,79,44348,0.429,33,0.46,1000,0.46,0.15,10,69.8,10.4,820,305608,12,8.7,4.9,20%,28%
135475399,304,13.1,celcius,300179,135475399,2019-04-07 09:19:51+00:00,56,"DeviceID:30017,Temperature:13.1",34.111923,-118.255516,Los Angeles,32,58,16,8,79,44348,0.429,33,0.46,1000,0.46,0.15,10,69.8,10.4,820,305608,12,8.7,4.9,20%,28%
135477019,304,12.9,celcius,300179,135477019,2019-04-07 09:39:51+00:00,56,"DeviceID:30017,Temperature:12.9",34.111923,-118.255516,Los Angeles,32,58,16,8,79,44348,0.429,33,0.46,1000,0.46,0.15,10,69.8,10.4,820,305608,12,8.7,4.9,20%,28%
135488079,304,43.4,celcius,300179,135488079,2019-04-07 18:19:51+00:00,56,"DeviceID:30017,Temperature:43.4",34.111923,-118.255516,Los Angeles,32,58,16,8,79,44348,0.429,33,0.46,1000,0.46,0.15,10,69.8,10.4,820,305608,12,8.7,4.9,20%,28%
137821802,304,12,celcius,300179,137821802,2019-05-11 12:51:49+00:00,104,"DeviceID:30017,Temperature:12.0,Battery Voltage:3.867594",34.111771,-118.255531,Los Angeles,32,58,16,8,79,44289,0.43,33,0.46,1000,0.45,0.15,10,69.8,10.4,820,307845,12,8.7,4.9,20%,28%
137889994,304,34,cpm,300172,137889994,2019-05-13 01:57:04+00:00,104,lnd_7318c,34.111774,-118.255516,Los Angeles,32,58,16,8,79,44289,0.43,33,0.47,1000,0.46,0.15,10,69.8,10.4,820,307186,12,8.7,4.9,20%,28%
137553149,304,38,cpm,300171,137553149,2019-05-03 11:51:44+00:00,124,lnd_7318u,34.111717,-118.255531,Los Angeles,32,58,16,8,79,44261,0.43,33,0.46,1000,0.45,0.15,10,69.8,10.4,820,307383,12,8.7,4.9,20%,28%
137556515,304,33,cpm,300171,137556515,2019-05-03 14:21:44+00:00,124,lnd_7318u,34.111717,-118.255531,Los Angeles,32,58,16,8,79,44261,0.43,33,0.46,1000,0.45,0.15,10,69.8,10.4,820,307383,12,8.7,4.9,20%,28%
137571732,304,38,cpm,300171,137571732,2019-05-04 01:36:44+00:00,124,lnd_7318u,34.111717,-118.255531,Los Angeles,32,58,16,8,79,44261,0.43,33,0.46,1000,0.45,0.15,10,69.8,10.4,820,307383,12,8.7,4.9,20%,28%
137582363,304,34,cpm,300171,137582363,2019-05-04 09:16:59+00:00,124,lnd_7318u,34.111717,-118.255531,Los Angeles,32,58,16,8,79,44261,0.43,33,0.46,1000,0.45,0.15,10,69.8,10.4,820,307383,12,8.7,4.9,20%,28%
137587383,304,33,cpm,300171,137587383,2019-05-04 12:26:44+00:00,124,lnd_7318u,34.111717,-118.255531,Los Angeles,32,58,16,8,79,44261,0.43,33,0.46,1000,0.45,0.15,10,69.8,10.4,820,307383,12,8.7,4.9,20%,28%
137603987,304,35,cpm,300171,137603987,2019-05-04 23:56:44+00:00,124,lnd_7318u,34.111717,-118.255531,Los Angeles,32,58,16,8,79,44261,0.43,33,0.46,1000,0.45,0.15,10,69.8,10.4,820,307383,12,8.7,4.9,20%,28%
137610569,304,31,cpm,300172,137610569,2019-05-05 04:46:44+00:00,124,lnd_7318c,34.111717,-118.255531,Los Angeles,32,58,16,8,79,44261,0.43,33,0.46,1000,0.45,0.15,10,69.8,10.4,820,307383,12,8.7,4.9,20%,28%
137631197,304,33,cpm,300171,137631197,2019-05-05 19:46:44+00:00,124,lnd_7318u,34.111717,-118.255531,Los Angeles,32,58,16,8,79,44261,0.43,33,0.46,1000,0.45,0.15,10,69.8,10.4,820,307383,12,8.7,4.9,20%,28%
137636051,304,34,cpm,300171,137636051,2019-05-05 23:36:44+00:00,124,lnd_7318u,34.111717,-118.255531,Los Angeles,32,58,16,8,79,44261,0.43,33,0.46,1000,0.45,0.15,10,69.8,10.4,820,307383,12,8.7,4.9,20%,28%
137640484,304,37,cpm,300172,137640484,2019-05-06 03:06:44+00:00,124,lnd_7318c,34.111717,-118.255531,Los Angeles,32,58,16,8,79,44261,0.43,33,0.46,1000,0.45,0.15,10,69.8,10.4,820,307383,12,8.7,4.9,20%,28%
137657221,304,35,cpm,300172,137657221,2019-05-06 13:06:44+00:00,124,lnd_7318c,34.111717,-118.255531,Los Angeles,32,58,16,8,79,44261,0.43,33,0.46,1000,0.45,0.15,10,69.8,10.4,820,307383,12,8.7,4.9,20%,28%
138601918,304,26,cpm,300172,138601918,2019-05-27 20:39:30+00:00,122,lnd_7318c,34.11174,-118.255501,Los Angeles,32,58,16,8,79,44261,0.43,33,0.47,1000,0.46,0.15,10,69.8,10.4,820,306855,12,8.7,4.9,20%,28%
138619829,304,36,cpm,300171,138619829,2019-05-28 11:09:30+00:00,122,lnd_7318u,34.11174,-118.255501,Los Angeles,32,58,16,8,79,44261,0.43,33,0.47,1000,0.46,0.15,10,69.8,10.4,820,306855,12,8.7,4.9,20%,28%
138632950,304,44.4,celcius,300179,138632950,2019-05-28 22:10:43+00:00,122,"DeviceID:30017,Temperature:44.4",34.11174,-118.255501,Los Angeles,32,58,16,8,79,44261,0.43,33,0.47,1000,0.46,0.15,10,69.8,10.4,820,306855,12,8.7,4.9,20%,28%
138646632,304,39,cpm,300171,138646632,2019-05-29 10:20:43+00:00,122,lnd_7318u,34.11174,-118.255501,Los Angeles,32,58,16,8,79,44261,0.43,33,0.47,1000,0.46,0.15,10,69.8,10.4,820,306855,12,8.7,4.9,20%,28%
138104704,304,28,cpm,300172,138104704,2019-05-19 14:05:09+00:00,152,lnd_7318c,34.111809,-118.25602,Los Angeles,32,58,16,8,79,44290,0.43,33,0.46,1100,0.45,0.15,10,69.7,10.4,820,308466,12,8.7,4.9,20%,28%
138510419,304,38.7,celcius,300179,138510419,2019-05-24 23:59:15+00:00,104,"DeviceID:30017,Temperature:38.7,Battery Voltage:3.980719",34.111759,-118.255531,Los Angeles,32,58,16,8,79,44261,0.43,33,0.46,1000,0.45,0.15,10,69.8,10.4,820,307701,12,8.7,4.9,20%,28%
138522120,304,30,cpm,300171,138522120,2019-05-25 08:59:15+00:00,104,lnd_7318u,34.111759,-118.255531,Los Angeles,32,58,16,8,79,44261,0.43,33,0.46,1000,0.45,0.15,10,69.8,10.4,820,307701,12,8.7,4.9,20%,28%
138098417,304,28,cpm,300171,138098417,2019-05-19 09:25:09+00:00,105,lnd_7318u,34.111691,-118.255569,Los Angeles,32,58,16,8,79,44261,0.43,33,0.47,1000,0.45,0.15,10,69.8,10.4,820,307514,12,8.7,4.9,20%,28%
137474146,304,31,cpm,300172,137474146,2019-05-01 02:12:24+00:00,109,lnd_7318c,34.111721,-118.255547,Los Angeles,32,58,16,8,79,44261,0.43,33,0.46,1000,0.45,0.15,10,69.8,10.4,820,307222,12,8.7,4.9,20%,28%
137486911,304,30,cpm,300172,137486911,2019-05-01 11:02:24+00:00,109,lnd_7318c,34.111721,-118.255547,Los Angeles,32,58,16,8,79,44261,0.43,33,0.46,1000,0.45,0.15,10,69.8,10.4,820,307222,12,8.7,4.9,20%,28%
137505030,304,34,cpm,300172,137505030,2019-05-01 23:52:24+00:00,109,lnd_7318c,34.111721,-118.255547,Los Angeles,32,58,16,8,79,44261,0.43,33,0.46,1000,0.45,0.15,10,69.8,10.4,820,307222,12,8.7,4.9,20%,28%
137521385,304,11.7,celcius,300179,137521385,2019-05-02 12:12:24+00:00,109,"DeviceID:30017,Temperature:11.7",34.111721,-118.255547,Los Angeles,32,58,16,8,79,44261,0.43,33,0.46,1000,0.45,0.15,10,69.8,10.4,820,307222,12,8.7,4.9,20%,28%
139150205,304,33,cpm,300172,139150205,2019-06-08 00:58:57+00:00,111,lnd_7318c,34.111706,-118.255569,Los Angeles,32,58,16,8,79,44261,0.43,33,0.47,1000,0.45,0.15,10,69.8,10.4,820,307514,12,8.7,4.9,20%,28%
139291883,304,30,cpm,300172,139291883,2019-06-11 09:48:42+00:00,112,lnd_7318c,34.111744,-118.255501,Los Angeles,32,58,16,8,79,44261,0.43,33,0.47,1000,0.46,0.15,10,69.8,10.4,820,306855,12,8.7,4.9,20%,28%
139296972,304,33,cpm,300171,139296972,2019-06-11 13:28:42+00:00,112,lnd_7318u,34.111744,-118.255501,Los Angeles,32,58,16,8,79,44261,0.43,33,0.47,1000,0.46,0.15,10,69.8,10.4,820,306855,12,8.7,4.9,20%,28%
139514126,304,34,cpm,300172,139514126,2019-06-19 02:25:04+00:00,109,lnd_7318c,34.111755,-118.255531,Los Angeles,32,58,16,8,79,44261,0.43,33,0.46,1000,0.45,0.15,10,69.8,10.4,820,307536,12,8.7,4.9,20%,28%
139518435,304,20.2,celcius,300179,139518435,2019-06-19 06:05:04+00:00,109,"DeviceID:30017,Temperature:20.2",34.111755,-118.255531,Los Angeles,32,58,16,8,79,44261,0.43,33,0.46,1000,0.45,0.15,10,69.8,10.4,820,307536,12,8.7,4.9,20%,28%
139571306,304,32,cpm,300172,139571306,2019-06-21 02:25:15+00:00,109,lnd_7318c,34.111755,-118.255531,Los Angeles,32,58,16,8,79,44261,0.43,33,0.46,1000,0.45,0.15,10,69.8,10.4,820,307536,12,8.7,4.9,20%,28%
139044215,304,31,cpm,300172,139044215,2019-06-04 19:46:37+00:00,101,lnd_7318c,34.111778,-118.255486,Los Angeles,32,58,16,8,79,44289,0.43,33,0.47,1000,0.46,0.15,10,69.8,10.4,820,306914,12,8.7,4.9,20%,28%
139045816,304,35,cpm,300171,139045816,2019-06-04 21:06:37+00:00,101,lnd_7318u,34.111778,-118.255486,Los Angeles,32,58,16,8,79,44289,0.43,33,0.47,1000,0.46,0.15,10,69.8,10.4,820,306914,12,8.7,4.9,20%,28%
139054855,304,36,cpm,300171,139054855,2019-06-05 04:26:52+00:00,109,lnd_7318u,34.111782,-118.25547,Los Angeles,32,58,16,8,79,44289,0.43,33,0.47,1000,0.46,0.15,10,69.8,10.4,820,306914,12,8.7,4.9,20%,28%
139051597,304,31,cpm,300172,139051597,2019-06-05 01:46:37+00:00,109,lnd_7318c,34.111782,-118.25547,Los Angeles,32,58,16,8,79,44289,0.43,33,0.47,1000,0.46,0.15,10,69.8,10.4,820,306914,12,8.7,4.9,20%,28%
139053188,304,33,cpm,300171,139053188,2019-06-05 02:46:37+00:00,109,lnd_7318u,34.111782,-118.25547,Los Angeles,32,58,16,8,79,44289,0.43,33,0.47,1000,0.46,0.15,10,69.8,10.4,820,306914,12,8.7,4.9,20%,28%
139136266,304,32,cpm,300172,139136266,2019-06-07 14:13:42+00:00,111,lnd_7318c,34.111706,-118.255569,Los Angeles,32,58,16,8,79,44261,0.43,33,0.47,1000,0.45,0.15,10,69.8,10.4,820,307514,12,8.7,4.9,20%,28%
139156699,304,31,cpm,300172,139156699,2019-06-08 05:18:42+00:00,111,lnd_7318c,34.111706,-118.255569,Los Angeles,32,58,16,8,79,44261,0.43,33,0.47,1000,0.45,0.15,10,69.8,10.4,820,307514,12,8.7,4.9,20%,28%
139159957,304,30,cpm,300171,139159957,2019-06-08 07:18:42+00:00,111,lnd_7318u,34.111706,-118.255569,Los Angeles,32,58,16,8,79,44261,0.43,33,0.47,1000,0.45,0.15,10,69.8,10.4,820,307514,12,8.7,4.9,20%,28%
139185574,304,34,cpm,300171,139185574,2019-06-09 02:08:42+00:00,111,lnd_7318u,34.111706,-118.255569,Los Angeles,32,58,16,8,79,44261,0.43,33,0.47,1000,0.45,0.15,10,69.8,10.4,820,307514,12,8.7,4.9,20%,28%
139192152,304,28,cpm,300171,139192152,2019-06-09 06:28:42+00:00,111,lnd_7318u,34.111706,-118.255569,Los Angeles,32,58,16,8,79,44261,0.43,33,0.47,1000,0.45,0.15,10,69.8,10.4,820,307514,12,8.7,4.9,20%,28%
139211856,304,35,cpm,300171,139211856,2019-06-09 16:28:42+00:00,111,lnd_7318u,34.111706,-118.255569,Los Angeles,32,58,16,8,79,44261,0.43,33,0.47,1000,0.45,0.15,10,69.8,10.4,820,307514,12,8.7,4.9,20%,28%
139247918,304,31,cpm,300172,139247918,2019-06-10 01:08:42+00:00,111,lnd_7318c,34.111706,-118.255569,Los Angeles,32,58,16,8,79,44261,0.43,33,0.47,1000,0.45,0.15,10,69.8,10.4,820,307514,12,8.7,4.9,20%,28%
139256162,304,18.7,celcius,300179,139256162,2019-06-10 06:58:42+00:00,111,"DeviceID:30017,Temperature:18.7",34.111706,-118.255569,Los Angeles,32,58,16,8,79,44261,0.43,33,0.47,1000,0.45,0.15,10,69.8,10.4,820,307514,12,8.7,4.9,20%,28%
139266914,304,35,cpm,300171,139266914,2019-06-10 14:13:42+00:00,111,lnd_7318u,34.111706,-118.255569,Los Angeles,32,58,16,8,79,44261,0.43,33,0.47,1000,0.45,0.15,10,69.8,10.4,820,307514,12,8.7,4.9,20%,28%
139006475,304,28,cpm,300172,139006475,2019-06-03 18:51:52+00:00,101,lnd_7318c,34.111778,-118.255486,Los Angeles,32,58,16,8,79,44289,0.43,33,0.47,1000,0.46,0.15,10,69.8,10.4,820,306914,12,8.7,4.9,20%,28%
139031323,304,34,cpm,300171,139031323,2019-06-04 10:36:37+00:00,101,lnd_7318u,34.111778,-118.255486,Los Angeles,32,58,16,8,79,44289,0.43,33,0.47,1000,0.46,0.15,10,69.8,10.4,820,306914,12,8.7,4.9,20%,28%
139042577,304,32,cpm,300171,139042577,2019-06-04 18:36:37+00:00,101,lnd_7318u,34.111778,-118.255486,Los Angeles,32,58,16,8,79,44289,0.43,33,0.47,1000,0.46,0.15,10,69.8,10.4,820,306914,12,8.7,4.9,20%,28%
139120452,304,38,cpm,300171,139120452,2019-06-07 02:46:37+00:00,80,lnd_7318u,34.111797,-118.255547,Los Angeles,32,58,16,8,79,44289,0.43,33,0.46,1000,0.46,0.15,10,69.8,10.4,820,306605,12,8.7,4.9,20%,28%
139514125,304,31,cpm,300172,139514125,2019-06-19 02:05:04+00:00,109,lnd_7318c,34.111755,-118.255531,Los Angeles,32,58,16,8,79,44261,0.43,33,0.46,1000,0.45,0.15,10,69.8,10.4,820,307536,12,8.7,4.9,20%,28%
130986887,304,3,cpm,300011,130986887,2019-01-13 19:39:58+00:00,131,lnd_7318u,47.612019,-122.345184,Seattle,18,39,4,5,74,81885,1.37,46,0.76,1200,0.46,0.41,12,45.5,7.19,9700,231817,32,9.1,4.8,0%,0%
131009502,304,4,cpm,300011,131009502,2019-01-14 09:54:58+00:00,131,lnd_7318u,47.612019,-122.345184,Seattle,18,39,4,5,74,81885,1.37,46,0.76,1200,0.46,0.41,12,45.5,7.19,9700,231817,32,9.1,4.8,0%,0%
131674937,304,12.9,celcius,300019,131674937,2019-01-24 18:13:50+00:00,259,"DeviceID:30001,Temperature:12.9,Battery Voltage:3.831891",47.610294,-122.346146,Seattle,18,39,4,5,75,81696,1.38,46,0.76,1200,0.47,0.42,12,45.5,7.19,10000,228009,33,9.1,4.8,0%,0%
131741980,304,6,cpm,300011,131741980,2019-01-25 19:43:50+00:00,259,lnd_7318u,47.610294,-122.346146,Seattle,18,39,4,5,75,81696,1.38,46,0.76,1200,0.47,0.42,12,45.5,7.19,10000,228009,33,9.1,4.8,0%,0%
131745665,304,6,cpm,300012,131745665,2019-01-25 22:13:50+00:00,259,lnd_7318c,47.610294,-122.346146,Seattle,18,39,4,5,75,81696,1.38,46,0.76,1200,0.47,0.42,12,45.5,7.19,10000,228009,33,9.1,4.8,0%,0%
131416987,759,28,cpm,200071,131416987,2019-01-20 21:49:22+00:00,36,Pointcast V1,47.612268,-122.345039,Seattle,18,39,4,5,74,81885,1.37,46,0.76,1200,0.45,0.41,12,45.5,7.19,9700,232011,33,9.1,4.8,0%,0%
131458883,759,29,cpm,200071,131458883,2019-01-22 00:59:17+00:00,36,Pointcast V1,47.612268,-122.345039,Seattle,18,39,4,5,74,81885,1.37,46,0.76,1200,0.45,0.41,12,45.5,7.19,9700,232011,33,9.1,4.8,0%,0%
131476606,759,14.5,status,200079,131476606,2019-01-22 12:03:24+00:00,36,"DeviceID:20007,Temperature:14.5,Battery Voltage:8.19,Fails:11114,Restarts:2353,FreeRam:53660,Last failure:FAILsdcard,NTP count:1",47.612268,-122.345039,Seattle,18,39,4,5,74,81885,1.37,46,0.76,1200,0.45,0.41,12,45.5,7.19,9700,232011,33,9.1,4.8,0%,0%
131478966,759,28,cpm,200071,131478966,2019-01-22 13:34:31+00:00,36,Pointcast V1,47.612268,-122.345039,Seattle,18,39,4,5,74,81885,1.37,46,0.76,1200,0.45,0.41,12,45.5,7.19,9700,232011,33,9.1,4.8,0%,0%
131484635,759,13,cpm,200072,131484635,2019-01-22 17:09:58+00:00,36,Pointcast V1,47.612268,-122.345039,Seattle,18,39,4,5,74,81885,1.37,46,0.76,1200,0.45,0.41,12,45.5,7.19,9700,232011,33,9.1,4.8,0%,0%
131487552,759,13,cpm,200072,131487552,2019-01-22 19:02:35+00:00,36,Pointcast V1,47.612268,-122.345039,Seattle,18,39,4,5,74,81885,1.37,46,0.76,1200,0.45,0.41,12,45.5,7.19,9700,232011,33,9.1,4.8,0%,0%
131492632,759,11,cpm,200072,131492632,2019-01-22 22:09:13+00:00,36,Pointcast V1,47.612268,-122.345039,Seattle,18,39,4,5,74,81885,1.37,46,0.76,1200,0.45,0.41,12,45.5,7.19,9700,232011,33,9.1,4.8,0%,0%
131493578,759,12,cpm,200072,131493578,2019-01-22 22:44:29+00:00,36,Pointcast V1,47.612268,-122.345039,Seattle,18,39,4,5,74,81885,1.37,46,0.76,1200,0.45,0.41,12,45.5,7.19,9700,232011,33,9.1,4.8,0%,0%
131496276,759,29,cpm,200071,131496276,2019-01-23 00:22:09+00:00,36,Pointcast V1,47.612268,-122.345039,Seattle,18,39,4,5,74,81885,1.37,46,0.76,1200,0.45,0.41,12,45.5,7.19,9700,232011,33,9.1,4.8,0%,0%
131496792,759,29,cpm,200071,131496792,2019-01-23 00:42:21+00:00,36,Pointcast V1,47.612268,-122.345039,Seattle,18,39,4,5,74,81885,1.37,46,0.76,1200,0.45,0.41,12,45.5,7.19,9700,232011,33,9.1,4.8,0%,0%
131499573,759,12,cpm,200072,131499573,2019-01-23 02:23:05+00:00,36,Pointcast V1,47.612268,-122.345039,Seattle,18,39,4,5,74,81885,1.37,46,0.76,1200,0.45,0.41,12,45.5,7.19,9700,232011,33,9.1,4.8,0%,0%
131502783,759,16,status,200079,131502783,2019-01-23 04:19:12+00:00,36,"DeviceID:20007,Temperature:16.0,Battery Voltage:8.15,Fails:11143,Restarts:2357,FreeRam:53660,Last failure:FAILsdcard,NTP count:1",47.612268,-122.345039,Seattle,18,39,4,5,74,81885,1.37,46,0.76,1200,0.45,0.41,12,45.5,7.19,9700,232011,33,9.1,4.8,0%,0%
131507914,759,16.8,status,200079,131507914,2019-01-23 07:28:55+00:00,36,"DeviceID:20007,Temperature:16.8,Battery Voltage:8.19,Fails:11151,Restarts:2359,FreeRam:53660,Last failure:FAILsdcard,NTP count:1",47.612268,-122.345039,Seattle,18,39,4,5,74,81885,1.37,46,0.76,1200,0.45,0.41,12,45.5,7.19,9700,232011,33,9.1,4.8,0%,0%
131508174,759,29,cpm,200071,131508174,2019-01-23 07:38:58+00:00,36,Pointcast V1,47.612268,-122.345039,Seattle,18,39,4,5,74,81885,1.37,46,0.76,1200,0.45,0.41,12,45.5,7.19,9700,232011,33,9.1,4.8,0%,0%
131509372,759,9,cpm,200072,131509372,2019-01-23 08:24:18+00:00,36,Pointcast V1,47.612268,-122.345039,Seattle,18,39,4,5,74,81885,1.37,46,0.76,1200,0.45,0.41,12,45.5,7.19,9700,232011,33,9.1,4.8,0%,0%
131510799,759,12,cpm,200072,131510799,2019-01-23 09:16:26+00:00,36,Pointcast V1,47.612268,-122.345039,Seattle,18,39,4,5,74,81885,1.37,46,0.76,1200,0.45,0.41,12,45.5,7.19,9700,232011,33,9.1,4.8,0%,0%
131511896,759,11,cpm,200072,131511896,2019-01-23 09:56:49+00:00,36,Pointcast V1,47.612268,-122.345039,Seattle,18,39,4,5,74,81885,1.37,46,0.76,1200,0.45,0.41,12,45.5,7.19,9700,232011,33,9.1,4.8,0%,0%
131514509,759,28,cpm,200071,131514509,2019-01-23 11:34:46+00:00,36,Pointcast V1,47.612268,-122.345039,Seattle,18,39,4,5,74,81885,1.37,46,0.76,1200,0.45,0.41,12,45.5,7.19,9700,232011,33,9.1,4.8,0%,0%
131516674,759,32,cpm,200071,131516674,2019-01-23 12:57:04+00:00,36,Pointcast V1,47.612268,-122.345039,Seattle,18,39,4,5,74,81885,1.37,46,0.76,1200,0.45,0.41,12,45.5,7.19,9700,232011,33,9.1,4.8,0%,0%
131519731,759,18.6,status,200079,131519731,2019-01-23 14:52:58+00:00,36,"DeviceID:20007,Temperature:18.6,Battery Voltage:8.18,Fails:11167,Restarts:2362,FreeRam:53660,Last failure:FAILsdcard,NTP count:1",47.612268,-122.345039,Seattle,18,39,4,5,74,81885,1.37,46,0.76,1200,0.45,0.41,12,45.5,7.19,9700,232011,33,9.1,4.8,0%,0%
133481263,304,42,cpm,300011,133481263,2019-02-26 15:31:19+00:00,80,lnd_7318u,47.612556,-122.344681,Seattle,18,39,4,4,74,81885,1.37,46,0.76,1200,0.45,0.41,12,45.5,7.19,9600,232471,33,9.1,4.8,0%,0%
133484946,304,40,cpm,300011,133484946,2019-02-26 17:36:19+00:00,80,lnd_7318u,47.612556,-122.344681,Seattle,18,39,4,4,74,81885,1.37,46,0.76,1200,0.45,0.41,12,45.5,7.19,9600,232471,33,9.1,4.8,0%,0%
133495836,304,26,cpm,300012,133495836,2019-02-27 00:46:19+00:00,80,lnd_7318c,47.612556,-122.344681,Seattle,18,39,4,4,74,81885,1.37,46,0.76,1200,0.45,0.41,12,45.5,7.19,9600,232471,33,9.1,4.8,0%,0%
133539894,304,28,cpm,300012,133539894,2019-02-27 15:46:37+00:00,80,lnd_7318c,47.612556,-122.344681,Seattle,18,39,4,4,74,81885,1.37,46,0.76,1200,0.45,0.41,12,45.5,7.19,9600,232471,33,9.1,4.8,0%,0%
133545838,304,43,cpm,300011,133545838,2019-02-27 18:46:19+00:00,80,lnd_7318u,47.612556,-122.344681,Seattle,18,39,4,4,74,81885,1.37,46,0.76,1200,0.45,0.41,12,45.5,7.19,9600,232471,33,9.1,4.8,0%,0%
133218200,304,41,cpm,300011,133218200,2019-02-19 22:29:53+00:00,114,lnd_7318u,47.61216,-122.345184,Seattle,18,39,4,5,74,81885,1.37,46,0.76,1200,0.45,0.41,12,45.5,7.19,9700,232173,32,9.1,4.8,0%,0%
133263524,304,5.1,celcius,300019,133263524,2019-02-21 03:00:08+00:00,114,"DeviceID:30001,Temperature:5.1,Battery Voltage:3.801594",47.61216,-122.345184,Seattle,18,39,4,5,74,81885,1.37,46,0.76,1200,0.45,0.41,12,45.5,7.19,9700,232173,32,9.1,4.8,0%,0%
133275078,304,4.9,celcius,300019,133275078,2019-02-21 09:29:53+00:00,114,"DeviceID:30001,Temperature:4.9,Battery Voltage:3.782375",47.61216,-122.345184,Seattle,18,39,4,5,74,81885,1.37,46,0.76,1200,0.45,0.41,12,45.5,7.19,9700,232173,32,9.1,4.8,0%,0%
133286784,304,45,cpm,300011,133286784,2019-02-21 17:29:53+00:00,114,lnd_7318u,47.61216,-122.345184,Seattle,18,39,4,5,74,81885,1.37,46,0.76,1200,0.45,0.41,12,45.5,7.19,9700,232173,32,9.1,4.8,0%,0%
133339380,304,47,cpm,300011,133339380,2019-02-23 00:59:53+00:00,114,lnd_7318u,47.61216,-122.345184,Seattle,18,39,4,5,74,81885,1.37,46,0.76,1200,0.45,0.41,12,45.5,7.19,9700,232173,32,9.1,4.8,0%,0%
133349074,304,27,cpm,300012,133349074,2019-02-23 07:30:09+00:00,114,lnd_7318c,47.61216,-122.345184,Seattle,18,39,4,5,74,81885,1.37,46,0.76,1200,0.45,0.41,12,45.5,7.19,9700,232173,32,9.1,4.8,0%,0%
133443425,304,27,cpm,300012,133443425,2019-02-25 16:14:53+00:00,114,lnd_7318c,47.61216,-122.345184,Seattle,18,39,4,5,74,81885,1.37,46,0.76,1200,0.45,0.41,12,45.5,7.19,9700,232173,32,9.1,4.8,0%,0%
133468826,304,44,cpm,300011,133468826,2019-02-26 08:04:53+00:00,114,lnd_7318u,47.61216,-122.345184,Seattle,18,39,4,5,74,81885,1.37,46,0.76,1200,0.45,0.41,12,45.5,7.19,9700,232173,32,9.1,4.8,0%,0%
132065491,304,4,cpm,300012,132065491,2019-02-03 12:13:30+00:00,151,lnd_7318c,47.612183,-122.3452,Seattle,18,39,4,5,74,81885,1.37,46,0.76,1200,0.45,0.42,12,45.5,7.19,9700,232259,32,9.1,4.8,0%,0%
132874551,304,3.2,celcius,300019,132874551,2019-02-17 10:46:40+00:00,115,"DeviceID:30001,Temperature:3.2,Battery Voltage:3.787078",47.612175,-122.345184,Seattle,18,39,4,5,74,81885,1.37,46,0.76,1200,0.45,0.41,12,45.5,7.19,9700,232173,32,9.1,4.8,0%,0%
132880227,304,44,cpm,300011,132880227,2019-02-17 14:16:40+00:00,115,lnd_7318u,47.612175,-122.345184,Seattle,18,39,4,5,74,81885,1.37,46,0.76,1200,0.45,0.41,12,45.5,7.19,9700,232173,32,9.1,4.8,0%,0%
132883963,304,28,cpm,300012,132883963,2019-02-17 17:01:40+00:00,115,lnd_7318c,47.612175,-122.345184,Seattle,18,39,4,5,74,81885,1.37,46,0.76,1200,0.45,0.41,12,45.5,7.19,9700,232173,32,9.1,4.8,0%,0%
133243984,304,28,cpm,300012,133243984,2019-02-20 14:14:53+00:00,114,lnd_7318c,47.61216,-122.345184,Seattle,18,39,4,5,74,81885,1.37,46,0.76,1200,0.45,0.41,12,45.5,7.19,9700,232173,32,9.1,4.8,0%,0%
133390653,304,24,cpm,300012,133390653,2019-02-24 08:29:53+00:00,114,lnd_7318c,47.61216,-122.345184,Seattle,18,39,4,5,74,81885,1.37,46,0.76,1200,0.45,0.41,12,45.5,7.19,9700,232173,32,9.1,4.8,0%,0%
133431615,304,4.3,celcius,300019,133431615,2019-02-25 08:59:53+00:00,114,"DeviceID:30001,Temperature:4.3,Battery Voltage:3.874218",47.61216,-122.345184,Seattle,18,39,4,5,74,81885,1.37,46,0.76,1200,0.45,0.41,12,45.5,7.19,9700,232173,32,9.1,4.8,0%,0%
133296019,304,39,cpm,300011,133296019,2019-02-21 22:54:53+00:00,114,lnd_7318u,47.61216,-122.345184,Seattle,18,39,4,5,74,81885,1.37,46,0.76,1200,0.45,0.41,12,45.5,7.19,9700,232173,32,9.1,4.8,0%,0%
133398762,304,3.9,celcius,300019,133398762,2019-02-24 13:59:53+00:00,114,"DeviceID:30001,Temperature:3.9,Battery Voltage:3.865094",47.61216,-122.345184,Seattle,18,39,4,5,74,81885,1.37,46,0.76,1200,0.45,0.41,12,45.5,7.19,9700,232173,32,9.1,4.8,0%,0%
133185697,304,41,cpm,300011,133185697,2019-02-19 01:31:40+00:00,115,lnd_7318u,47.612175,-122.345184,Seattle,18,39,4,5,74,81885,1.37,46,0.76,1200,0.45,0.41,12,45.5,7.19,9700,232173,32,9.1,4.8,0%,0%
132841001,304,44,cpm,300011,132841001,2019-02-16 14:16:56+00:00,115,lnd_7318u,47.612175,-122.345184,Seattle,18,39,4,5,74,81885,1.37,46,0.76,1200,0.45,0.41,12,45.5,7.19,9700,232173,32,9.1,4.8,0%,0%
133263516,304,26,cpm,300012,133263516,2019-02-21 02:44:53+00:00,114,lnd_7318c,47.61216,-122.345184,Seattle,18,39,4,5,74,81885,1.37,46,0.76,1200,0.45,0.41,12,45.5,7.19,9700,232173,32,9.1,4.8,0%,0%
133829642,304,28,cpm,300012,133829642,2019-03-05 12:17:29+00:00,102,lnd_7318c,47.612053,-122.345184,Seattle,18,39,4,5,74,81885,1.37,46,0.76,1200,0.46,0.41,12,45.5,7.19,9700,231784,32,9.1,4.8,0%,0%
133833395,304,44,cpm,300011,133833395,2019-03-05 15:32:29+00:00,102,lnd_7318u,47.612053,-122.345184,Seattle,18,39,4,5,74,81885,1.37,46,0.76,1200,0.46,0.41,12,45.5,7.19,9700,231784,32,9.1,4.8,0%,0%
133835251,304,30,cpm,300012,133835251,2019-03-05 16:02:29+00:00,102,lnd_7318c,47.612053,-122.345184,Seattle,18,39,4,5,74,81885,1.37,46,0.76,1200,0.46,0.41,12,45.5,7.19,9700,231784,32,9.1,4.8,0%,0%
133837052,304,38,cpm,300011,133837052,2019-03-05 17:27:29+00:00,102,lnd_7318u,47.612053,-122.345184,Seattle,18,39,4,5,74,81885,1.37,46,0.76,1200,0.46,0.41,12,45.5,7.19,9700,231784,32,9.1,4.8,0%,0%
133840741,304,34.9,celcius,300019,133840741,2019-03-05 20:27:51+00:00,102,"DeviceID:30001,Temperature:34.9,Battery Voltage:3.995578",47.612053,-122.345184,Seattle,18,39,4,5,74,81885,1.37,46,0.76,1200,0.46,0.41,12,45.5,7.19,9700,231784,32,9.1,4.8,0%,0%
133844338,304,32.5,celcius,300019,133844338,2019-03-05 22:47:49+00:00,102,"DeviceID:30001,Temperature:32.5",47.612053,-122.345184,Seattle,18,39,4,5,74,81885,1.37,46,0.76,1200,0.46,0.41,12,45.5,7.19,9700,231784,32,9.1,4.8,0%,0%
133845595,304,38,cpm,300011,133845595,2019-03-05 22:57:29+00:00,102,lnd_7318u,47.612053,-122.345184,Seattle,18,39,4,5,74,81885,1.37,46,0.76,1200,0.46,0.41,12,45.5,7.19,9700,231784,32,9.1,4.8,0%,0%
133847426,304,23,cpm,300012,133847426,2019-03-05 23:47:29+00:00,102,lnd_7318c,47.612053,-122.345184,Seattle,18,39,4,5,74,81885,1.37,46,0.76,1200,0.46,0.41,12,45.5,7.19,9700,231784,32,9.1,4.8,0%,0%
133864675,304,5,celcius,300019,133864675,2019-03-06 11:37:29+00:00,102,"DeviceID:30001,Temperature:5.0",47.612053,-122.345184,Seattle,18,39,4,5,74,81885,1.37,46,0.76,1200,0.46,0.41,12,45.5,7.19,9700,231784,32,9.1,4.8,0%,0%
133891176,304,44,cpm,300011,133891176,2019-03-07 00:02:59+00:00,102,lnd_7318u,47.612053,-122.345184,Seattle,18,39,4,5,74,81885,1.37,46,0.76,1200,0.46,0.41,12,45.5,7.19,9700,231784,32,9.1,4.8,0%,0%
133900679,304,26,cpm,300012,133900679,2019-03-07 06:02:29+00:00,102,lnd_7318c,47.612053,-122.345184,Seattle,18,39,4,5,74,81885,1.37,46,0.76,1200,0.46,0.41,12,45.5,7.19,9700,231784,32,9.1,4.8,0%,0%
133926740,304,27,cpm,300012,133926740,2019-03-07 13:32:45+00:00,102,lnd_7318c,47.612053,-122.345184,Seattle,18,39,4,5,74,81885,1.37,46,0.76,1200,0.46,0.41,12,45.5,7.19,9700,231784,32,9.1,4.8,0%,0%
133939936,304,45,cpm,300011,133939936,2019-03-07 21:32:29+00:00,102,lnd_7318u,47.612053,-122.345184,Seattle,18,39,4,5,74,81885,1.37,46,0.76,1200,0.46,0.41,12,45.5,7.19,9700,231784,32,9.1,4.8,0%,0%
133946946,304,5.9,celcius,300019,133946946,2019-03-08 02:17:29+00:00,102,"DeviceID:30001,Temperature:5.9",47.612053,-122.345184,Seattle,18,39,4,5,74,81885,1.37,46,0.76,1200,0.46,0.41,12,45.5,7.19,9700,231784,32,9.1,4.8,0%,0%
133954293,304,40,cpm,300011,133954293,2019-03-08 07:02:29+00:00,102,lnd_7318u,47.612053,-122.345184,Seattle,18,39,4,5,74,81885,1.37,46,0.76,1200,0.46,0.41,12,45.5,7.19,9700,231784,32,9.1,4.8,0%,0%
133971034,304,39,cpm,300011,133971034,2019-03-08 19:02:49+00:00,102,lnd_7318u,47.612053,-122.345184,Seattle,18,39,4,5,74,81885,1.37,46,0.76,1200,0.46,0.41,12,45.5,7.19,9700,231784,32,9.1,4.8,0%,0%
133987530,304,5.7,celcius,300019,133987530,2019-03-09 04:47:29+00:00,102,"DeviceID:30001,Temperature:5.7",47.612053,-122.3452,Seattle,18,39,4,5,74,81885,1.37,46,0.76,1200,0.46,0.41,12,45.5,7.19,9700,231784,32,9.1,4.8,0%,0%
134007786,304,35,cpm,300011,134007786,2019-03-09 18:57:29+00:00,102,lnd_7318u,47.612053,-122.3452,Seattle,18,39,4,5,74,81885,1.37,46,0.76,1200,0.46,0.41,12,45.5,7.19,9700,231784,32,9.1,4.8,0%,0%
134037798,304,31,cpm,300012,134037798,2019-03-10 14:32:45+00:00,102,lnd_7318c,47.612053,-122.3452,Seattle,18,39,4,5,74,81885,1.37,46,0.76,1200,0.46,0.41,12,45.5,7.19,9700,231784,32,9.1,4.8,0%,0%
134046697,304,30.6,celcius,300019,134046697,2019-03-10 19:37:29+00:00,102,"DeviceID:30001,Temperature:30.6",47.612053,-122.3452,Seattle,18,39,4,5,74,81885,1.37,46,0.76,1200,0.46,0.41,12,45.5,7.19,9700,231784,32,9.1,4.8,0%,0%
134053910,304,27,cpm,300012,134053910,2019-03-11 00:17:29+00:00,102,lnd_7318c,47.612053,-122.3452,Seattle,18,39,4,5,74,81885,1.37,46,0.76,1200,0.46,0.41,12,45.5,7.19,9700,231784,32,9.1,4.8,0%,0%
134061645,304,26,cpm,300012,134061645,2019-03-11 05:07:29+00:00,102,lnd_7318c,47.612053,-122.3452,Seattle,18,39,4,5,74,81885,1.37,46,0.76,1200,0.46,0.41,12,45.5,7.19,9700,231784,32,9.1,4.8,0%,0%
134083496,304,43,cpm,300011,134083496,2019-03-11 20:17:29+00:00,102,lnd_7318u,47.612053,-122.3452,Seattle,18,39,4,5,74,81885,1.37,46,0.76,1200,0.46,0.41,12,45.5,7.19,9700,231784,32,9.1,4.8,0%,0%
134102426,304,5.2,celcius,300019,134102426,2019-03-12 08:32:29+00:00,112,"DeviceID:30001,Temperature:5.2,Battery Voltage:3.880265",47.612061,-122.34523,Seattle,18,39,4,5,74,81885,1.37,46,0.76,1200,0.46,0.41,12,45.5,7.19,9700,231894,32,9.1,4.8,0%,0%
133599498,304,27,cpm,300012,133599498,2019-03-01 05:06:19+00:00,80,lnd_7318c,47.612556,-122.344681,Seattle,18,39,4,4,74,81885,1.37,46,0.76,1200,0.45,0.41,12,45.5,7.19,9600,232471,33,9.1,4.8,0%,0%
135394759,304,30,cpm,300011,135394759,2019-04-05 01:58:46+00:00,64,lnd_7318u,47.612019,-122.3451,Seattle,18,39,4,5,74,81885,1.37,46,0.76,1200,0.46,0.41,12,45.5,7.19,9700,231835,32,9.1,4.8,0%,0%
135396511,304,15.1,celcius,300019,135396511,2019-04-05 02:58:31+00:00,64,"DeviceID:30001,Temperature:15.1,Battery Voltage:3.957579",47.612019,-122.3451,Seattle,18,39,4,5,74,81885,1.37,46,0.76,1200,0.46,0.41,12,45.5,7.19,9700,231835,32,9.1,4.8,0%,0%
135400470,304,29,cpm,300012,135400470,2019-04-05 05:38:31+00:00,64,lnd_7318c,47.612019,-122.3451,Seattle,18,39,4,5,74,81885,1.37,46,0.76,1200,0.46,0.41,12,45.5,7.19,9700,231835,32,9.1,4.8,0%,0%
135403902,304,13.3,celcius,300019,135403902,2019-04-05 07:28:31+00:00,64,"DeviceID:30001,Temperature:13.3,Battery Voltage:3.932750",47.612019,-122.3451,Seattle,18,39,4,5,74,81885,1.37,46,0.76,1200,0.46,0.41,12,45.5,7.19,9700,231835,32,9.1,4.8,0%,0%
135415332,304,28,cpm,300011,135415332,2019-04-05 15:48:31+00:00,64,lnd_7318u,47.612019,-122.3451,Seattle,18,39,4,5,74,81885,1.37,46,0.76,1200,0.46,0.41,12,45.5,7.19,9700,231835,32,9.1,4.8,0%,0%
135419694,304,23,cpm,300012,135419694,2019-04-05 17:18:31+00:00,64,lnd_7318c,47.612019,-122.3451,Seattle,18,39,4,5,74,81885,1.37,46,0.76,1200,0.46,0.41,12,45.5,7.19,9700,231835,32,9.1,4.8,0%,0%
135451691,304,9.1,celcius,300019,135451691,2019-04-06 16:48:31+00:00,64,"DeviceID:30001,Temperature:9.1",47.612019,-122.3451,Seattle,18,39,4,5,74,81885,1.37,46,0.76,1200,0.46,0.41,12,45.5,7.19,9700,231835,32,9.1,4.8,0%,0%
135563453,304,14.4,celcius,300019,135563453,2019-04-10 02:03:38+00:00,126,"DeviceID:30001,Temperature:14.4,Battery Voltage:3.948656",47.612026,-122.345131,Seattle,18,39,4,5,74,81885,1.37,46,0.76,1200,0.46,0.41,12,45.5,7.19,9700,231779,32,9.1,4.8,0%,0%
135574158,304,22,cpm,300012,135574158,2019-04-10 09:53:38+00:00,126,lnd_7318c,47.612026,-122.345131,Seattle,18,39,4,5,74,81885,1.37,46,0.76,1200,0.46,0.41,12,45.5,7.19,9700,231779,32,9.1,4.8,0%,0%
135577341,304,25,cpm,300012,135577341,2019-04-10 12:53:38+00:00,126,lnd_7318c,47.612026,-122.345131,Seattle,18,39,4,5,74,81885,1.37,46,0.76,1200,0.46,0.41,12,45.5,7.19,9700,231779,32,9.1,4.8,0%,0%
135597674,304,36,cpm,300011,135597674,2019-04-11 03:23:38+00:00,126,lnd_7318u,47.612026,-122.345131,Seattle,18,39,4,5,74,81885,1.37,46,0.76,1200,0.46,0.41,12,45.5,7.19,9700,231779,32,9.1,4.8,0%,0%
135619461,304,23,cpm,300012,135619461,2019-04-11 19:08:38+00:00,126,lnd_7318c,47.612026,-122.345131,Seattle,18,39,4,5,74,81885,1.37,46,0.76,1200,0.46,0.41,12,45.5,7.19,9700,231779,32,9.1,4.8,0%,0%
135654799,304,27.8,celcius,300019,135654799,2019-04-12 23:43:38+00:00,126,"DeviceID:30001,Temperature:27.8",47.612026,-122.345131,Seattle,18,39,4,5,74,81885,1.37,46,0.76,1200,0.46,0.41,12,45.5,7.19,9700,231779,32,9.1,4.8,0%,0%
135574146,304,28,cpm,300011,135574146,2019-04-10 10:03:38+00:00,126,lnd_7318u,47.612026,-122.345131,Seattle,18,39,4,5,74,81885,1.37,46,0.76,1200,0.46,0.41,12,45.5,7.19,9700,231779,32,9.1,4.8,0%,0%
135458836,304,34,cpm,300012,135458836,2019-04-06 21:28:46+00:00,89,lnd_7318c,47.612289,-122.345299,Seattle,18,39,4,5,74,81885,1.37,46,0.76,1200,0.45,0.42,12,45.5,7.19,9700,232352,33,9.1,4.8,0%,0%
135566296,304,33,cpm,300011,135566296,2019-04-10 04:53:38+00:00,126,lnd_7318u,47.612026,-122.345131,Seattle,18,39,4,5,74,81885,1.37,46,0.76,1200,0.46,0.41,12,45.5,7.19,9700,231779,32,9.1,4.8,0%,0%
135689038,304,10.8,celcius,300019,135689038,2019-04-14 00:53:38+00:00,-87,"DeviceID:30001,Temperature:10.8",47.612347,-122.344467,Seattle,18,39,4,5,74,81810,1.37,46,0.76,1200,0.45,0.41,12,45.5,7.19,9700,231835,32,9.1,4.8,0%,0%
135708202,304,31,cpm,300011,135708202,2019-04-14 16:38:58+00:00,-87,lnd_7318u,47.612347,-122.344467,Seattle,18,39,4,5,74,81810,1.37,46,0.76,1200,0.45,0.41,12,45.5,7.19,9700,231835,32,9.1,4.8,0%,0%
135726312,304,27,cpm,300012,135726312,2019-04-15 05:53:38+00:00,-87,lnd_7318c,47.612347,-122.344467,Seattle,18,39,4,5,74,81810,1.37,46,0.76,1200,0.45,0.41,12,45.5,7.19,9700,231835,32,9.1,4.8,0%,0%
135739592,304,25,cpm,300012,135739592,2019-04-15 15:08:38+00:00,-87,lnd_7318c,47.612347,-122.344467,Seattle,18,39,4,5,74,81810,1.37,46,0.76,1200,0.45,0.41,12,45.5,7.19,9700,231835,32,9.1,4.8,0%,0%
135750734,304,25,cpm,300012,135750734,2019-04-15 23:43:38+00:00,-87,lnd_7318c,47.612347,-122.344467,Seattle,18,39,4,5,74,81810,1.37,46,0.76,1200,0.45,0.41,12,45.5,7.19,9700,231835,32,9.1,4.8,0%,0%
135709835,304,8.1,celcius,300019,135709835,2019-04-14 16:53:38+00:00,-87,"DeviceID:30001,Temperature:8.1",47.612347,-122.344467,Seattle,18,39,4,5,74,81810,1.37,46,0.76,1200,0.45,0.41,12,45.5,7.19,9700,231835,32,9.1,4.8,0%,0%
135734561,304,36,cpm,300011,135734561,2019-04-15 11:38:38+00:00,-87,lnd_7318u,47.612347,-122.344467,Seattle,18,39,4,5,74,81810,1.37,46,0.76,1200,0.45,0.41,12,45.5,7.19,9700,231835,32,9.1,4.8,0%,0%
135742959,304,19,cpm,300012,135742959,2019-04-15 18:23:54+00:00,-87,lnd_7318c,47.612347,-122.344467,Seattle,18,39,4,5,74,81810,1.37,46,0.76,1200,0.45,0.41,12,45.5,7.19,9700,231835,32,9.1,4.8,0%,0%
135749115,304,33,cpm,300011,135749115,2019-04-15 22:13:38+00:00,-87,lnd_7318u,47.612347,-122.344467,Seattle,18,39,4,5,74,81810,1.37,46,0.76,1200,0.45,0.41,12,45.5,7.19,9700,231835,32,9.1,4.8,0%,0%
137925245,304,26,cpm,300012,137925245,2019-05-14 03:05:19+00:00,124,lnd_7318c,47.612045,-122.3452,Seattle,18,39,4,5,74,81885,1.37,46,0.76,1200,0.46,0.41,12,45.5,7.19,9700,231894,32,9.1,4.8,0%,0%
138419817,304,22,cpm,300012,138419817,2019-05-22 02:19:44+00:00,105,lnd_7318c,47.612068,-122.34507,Seattle,18,39,4,5,74,81885,1.37,46,0.76,1200,0.46,0.41,12,45.5,7.19,9700,231791,32,9.1,4.8,0%,0%
138427958,304,26,cpm,300012,138427958,2019-05-22 08:49:44+00:00,105,lnd_7318c,47.612068,-122.34507,Seattle,18,39,4,5,74,81885,1.37,46,0.76,1200,0.46,0.41,12,45.5,7.19,9700,231791,32,9.1,4.8,0%,0%
138429578,304,13.5,celcius,300019,138429578,2019-05-22 09:49:44+00:00,105,"DeviceID:30001,Temperature:13.5,Battery Voltage:3.885734",47.612068,-122.34507,Seattle,18,39,4,5,74,81885,1.37,46,0.76,1200,0.46,0.41,12,45.5,7.19,9700,231791,32,9.1,4.8,0%,0%
138431205,304,23,cpm,300012,138431205,2019-05-22 11:19:44+00:00,105,lnd_7318c,47.612068,-122.34507,Seattle,18,39,4,5,74,81885,1.37,46,0.76,1200,0.46,0.41,12,45.5,7.19,9700,231791,32,9.1,4.8,0%,0%
138444084,304,37.1,celcius,300019,138444084,2019-05-22 22:05:01+00:00,105,"DeviceID:30001,Temperature:37.1",47.612068,-122.34507,Seattle,18,39,4,5,74,81885,1.37,46,0.76,1200,0.46,0.41,12,45.5,7.19,9700,231791,32,9.1,4.8,0%,0%
138458413,304,27,cpm,300011,138458413,2019-05-23 08:24:44+00:00,105,lnd_7318u,47.612068,-122.34507,Seattle,18,39,4,5,74,81885,1.37,46,0.76,1200,0.46,0.41,12,45.5,7.19,9700,231791,32,9.1,4.8,0%,0%
138481229,304,31,cpm,300011,138481229,2019-05-24 02:05:03+00:00,105,lnd_7318u,47.612068,-122.34507,Seattle,18,39,4,5,74,81885,1.37,46,0.76,1200,0.46,0.41,12,45.5,7.19,9700,231791,32,9.1,4.8,0%,0%
138488781,304,28,cpm,300012,138488781,2019-05-24 07:24:44+00:00,105,lnd_7318c,47.612068,-122.34507,Seattle,18,39,4,5,74,81885,1.37,46,0.76,1200,0.46,0.41,12,45.5,7.19,9700,231791,32,9.1,4.8,0%,0%
138508504,304,34,cpm,300011,138508504,2019-05-24 22:49:44+00:00,105,lnd_7318u,47.612068,-122.34507,Seattle,18,39,4,5,74,81885,1.37,46,0.76,1200,0.46,0.41,12,45.5,7.19,9700,231791,32,9.1,4.8,0%,0%
138543377,304,15,celcius,300019,138543377,2019-05-26 01:50:14+00:00,105,"DeviceID:30001,Temperature:15.0,Battery Voltage:3.857375",47.612068,-122.34507,Seattle,18,39,4,5,74,81885,1.37,46,0.76,1200,0.46,0.41,12,45.5,7.19,9700,231791,32,9.1,4.8,0%,0%
138611074,304,23,cpm,300012,138611074,2019-05-28 03:24:44+00:00,105,lnd_7318c,47.612068,-122.34507,Seattle,18,39,4,5,74,81885,1.37,46,0.76,1200,0.46,0.41,12,45.5,7.19,9700,231791,32,9.1,4.8,0%,0%
137740431,304,22.2,celcius,300019,137740431,2019-05-09 03:15:19+00:00,115,"DeviceID:30001,Temperature:22.2",47.61216,-122.345085,Seattle,18,39,4,5,74,81885,1.37,46,0.76,1200,0.45,0.41,12,45.5,7.19,9700,231968,32,9.1,4.8,0%,0%
137953185,304,23,cpm,300012,137953185,2019-05-15 00:08:38+00:00,-16,lnd_7318c,47.61084,-122.346367,Seattle,18,39,4,5,75,81772,1.38,46,0.76,1200,0.47,0.42,12,45.5,7.19,10000,229290,31,9.1,4.8,0%,0%
137954809,304,16.5,celcius,300019,137954809,2019-05-15 00:48:38+00:00,-16,"DeviceID:30001,Temperature:16.5,Battery Voltage:3.938797",47.61084,-122.346367,Seattle,18,39,4,5,75,81772,1.38,46,0.76,1200,0.47,0.42,12,45.5,7.19,10000,229290,31,9.1,4.8,0%,0%
137956446,304,26,cpm,300012,137956446,2019-05-15 02:38:54+00:00,-16,lnd_7318c,47.61084,-122.346367,Seattle,18,39,4,5,75,81772,1.38,46,0.76,1200,0.47,0.42,12,45.5,7.19,10000,229290,31,9.1,4.8,0%,0%
137956455,304,15.9,celcius,300019,137956455,2019-05-15 01:58:38+00:00,-16,"DeviceID:30001,Temperature:15.9",47.61084,-122.346367,Seattle,18,39,4,5,75,81772,1.38,46,0.76,1200,0.47,0.42,12,45.5,7.19,10000,229290,31,9.1,4.8,0%,0%
137962943,304,30,cpm,300011,137962943,2019-05-15 06:48:38+00:00,-16,lnd_7318u,47.61084,-122.346367,Seattle,18,39,4,5,75,81772,1.38,46,0.76,1200,0.47,0.42,12,45.5,7.19,10000,229290,31,9.1,4.8,0%,0%
137962942,304,33,cpm,300011,137962942,2019-05-15 07:18:53+00:00,-16,lnd_7318u,47.61084,-122.346367,Seattle,18,39,4,5,75,81772,1.38,46,0.76,1200,0.47,0.42,12,45.5,7.19,10000,229290,31,9.1,4.8,0%,0%
137964443,304,32,cpm,300011,137964443,2019-05-15 08:08:38+00:00,-16,lnd_7318u,47.61084,-122.346367,Seattle,18,39,4,5,75,81772,1.38,46,0.76,1200,0.47,0.42,12,45.5,7.19,10000,229290,31,9.1,4.8,0%,0%
137974667,304,23,cpm,300012,137974667,2019-05-15 14:53:38+00:00,-16,lnd_7318c,47.61084,-122.346367,Seattle,18,39,4,5,75,81772,1.38,46,0.76,1200,0.47,0.42,12,45.5,7.19,10000,229290,31,9.1,4.8,0%,0%
137984097,304,23.4,celcius,300019,137984097,2019-05-15 22:48:38+00:00,-16,"DeviceID:30001,Temperature:23.4,Battery Voltage:3.948187",47.61084,-122.346367,Seattle,18,39,4,5,75,81772,1.38,46,0.76,1200,0.47,0.42,12,45.5,7.19,10000,229290,31,9.1,4.8,0%,0%
137985697,304,21.1,celcius,300019,137985697,2019-05-15 23:58:38+00:00,-16,"DeviceID:30001,Temperature:21.1",47.61084,-122.346367,Seattle,18,39,4,5,75,81772,1.38,46,0.76,1200,0.47,0.42,12,45.5,7.19,10000,229290,31,9.1,4.8,0%,0%
137987285,304,19.5,celcius,300019,137987285,2019-05-16 00:48:38+00:00,-16,"DeviceID:30001,Temperature:19.5,Battery Voltage:3.935157",47.61084,-122.346367,Seattle,18,39,4,5,75,81772,1.38,46,0.76,1200,0.47,0.42,12,45.5,7.19,10000,229290,31,9.1,4.8,0%,0%
137988869,304,18.2,celcius,300019,137988869,2019-05-16 01:58:38+00:00,-16,"DeviceID:30001,Temperature:18.2",47.61084,-122.346367,Seattle,18,39,4,5,75,81772,1.38,46,0.76,1200,0.47,0.42,12,45.5,7.19,10000,229290,31,9.1,4.8,0%,0%
139032474,304,25,cpm,300012,139032474,2019-06-04 11:44:04+00:00,104,lnd_7318c,47.612038,-122.345169,Seattle,18,39,4,5,74,81885,1.37,46,0.76,1200,0.46,0.41,12,45.5,7.19,9700,231707,32,9.1,4.8,0%,0%
139041369,304,29,cpm,300011,139041369,2019-06-04 18:02:19+00:00,104,lnd_7318u,47.612038,-122.345169,Seattle,18,39,4,5,74,81885,1.37,46,0.76,1200,0.46,0.41,12,45.5,7.19,9700,231707,32,9.1,4.8,0%,0%
139148378,304,24,cpm,300012,139148378,2019-06-07 23:32:08+00:00,15,lnd_7318c,47.610451,-122.344254,Seattle,18,39,4,5,75,81883,1.37,46,0.76,1200,0.47,0.41,12,45.5,7.19,10000,229165,31,9.1,4.8,0%,0%
139160212,304,28,cpm,300011,139160212,2019-06-08 08:07:24+00:00,15,lnd_7318u,47.610451,-122.344254,Seattle,18,39,4,5,75,81883,1.37,46,0.76,1200,0.47,0.41,12,45.5,7.19,10000,229165,31,9.1,4.8,0%,0%
139160214,304,25,cpm,300012,139160214,2019-06-08 07:07:08+00:00,15,lnd_7318c,47.610451,-122.344254,Seattle,18,39,4,5,75,81883,1.37,46,0.76,1200,0.47,0.41,12,45.5,7.19,10000,229165,31,9.1,4.8,0%,0%
139165372,304,35,cpm,300011,139165372,2019-06-08 11:22:08+00:00,15,lnd_7318u,47.610451,-122.344254,Seattle,18,39,4,5,75,81883,1.37,46,0.76,1200,0.47,0.41,12,45.5,7.19,10000,229165,31,9.1,4.8,0%,0%
139185157,304,23,cpm,300012,139185157,2019-06-09 01:32:08+00:00,15,lnd_7318c,47.610451,-122.344254,Seattle,18,39,4,5,75,81883,1.37,46,0.76,1200,0.47,0.41,12,45.5,7.19,10000,229165,31,9.1,4.8,0%,0%
139188960,304,33,cpm,300011,139188960,2019-06-09 04:12:08+00:00,15,lnd_7318u,47.610451,-122.344254,Seattle,18,39,4,5,75,81883,1.37,46,0.76,1200,0.47,0.41,12,45.5,7.19,10000,229165,31,9.1,4.8,0%,0%
139188974,304,17.4,celcius,300019,139188974,2019-06-09 04:12:08+00:00,15,"DeviceID:30001,Temperature:17.4",47.610451,-122.344254,Seattle,18,39,4,5,75,81883,1.37,46,0.76,1200,0.47,0.41,12,45.5,7.19,10000,229165,31,9.1,4.8,0%,0%
139192242,304,23,cpm,300012,139192242,2019-06-09 06:12:08+00:00,15,lnd_7318c,47.610451,-122.344254,Seattle,18,39,4,5,75,81883,1.37,46,0.76,1200,0.47,0.41,12,45.5,7.19,10000,229165,31,9.1,4.8,0%,0%
139192244,304,25,cpm,300012,139192244,2019-06-09 06:32:08+00:00,15,lnd_7318c,47.610451,-122.344254,Seattle,18,39,4,5,75,81883,1.37,46,0.76,1200,0.47,0.41,12,45.5,7.19,10000,229165,31,9.1,4.8,0%,0%
139247448,304,24,cpm,300012,139247448,2019-06-10 00:42:08+00:00,15,lnd_7318c,47.610451,-122.344254,Seattle,18,39,4,5,75,81883,1.37,46,0.76,1200,0.47,0.41,12,45.5,7.19,10000,229165,31,9.1,4.8,0%,0%
139250770,304,27,cpm,300011,139250770,2019-06-10 02:42:08+00:00,15,lnd_7318u,47.610451,-122.344254,Seattle,18,39,4,5,75,81883,1.37,46,0.76,1200,0.47,0.41,12,45.5,7.19,10000,229165,31,9.1,4.8,0%,0%
139254348,304,36,cpm,300011,139254348,2019-06-10 05:02:08+00:00,15,lnd_7318u,47.610451,-122.344254,Seattle,18,39,4,5,75,81883,1.37,46,0.76,1200,0.47,0.41,12,45.5,7.19,10000,229165,31,9.1,4.8,0%,0%
139255967,304,35,cpm,300011,139255967,2019-06-10 06:52:08+00:00,15,lnd_7318u,47.610451,-122.344254,Seattle,18,39,4,5,75,81883,1.37,46,0.76,1200,0.47,0.41,12,45.5,7.19,10000,229165,31,9.1,4.8,0%,0%
139259259,304,26,cpm,300012,139259259,2019-06-10 09:22:08+00:00,15,lnd_7318c,47.610451,-122.344254,Seattle,18,39,4,5,75,81883,1.37,46,0.76,1200,0.47,0.41,12,45.5,7.19,10000,229165,31,9.1,4.8,0%,0%
139260916,304,15.5,celcius,300019,139260916,2019-06-10 10:02:23+00:00,15,"DeviceID:30001,Temperature:15.5,Battery Voltage:3.913391",47.610451,-122.344254,Seattle,18,39,4,5,75,81883,1.37,46,0.76,1200,0.47,0.41,12,45.5,7.19,10000,229165,31,9.1,4.8,0%,0%
139264297,304,34,cpm,300011,139264297,2019-06-10 12:02:08+00:00,15,lnd_7318u,47.610451,-122.344254,Seattle,18,39,4,5,75,81883,1.37,46,0.76,1200,0.47,0.41,12,45.5,7.19,10000,229165,31,9.1,4.8,0%,0%
139279467,304,29.4,celcius,300019,139279467,2019-06-10 23:32:08+00:00,15,"DeviceID:30001,Temperature:29.4,Battery Voltage:3.958625",47.610451,-122.344254,Seattle,18,39,4,5,75,81883,1.37,46,0.76,1200,0.47,0.41,12,45.5,7.19,10000,229165,31,9.1,4.8,0%,0%
139292981,304,33,cpm,300011,139292981,2019-06-11 10:02:08+00:00,15,lnd_7318u,47.610451,-122.344254,Seattle,18,39,4,5,75,81883,1.37,46,0.76,1200,0.47,0.41,12,45.5,7.19,10000,229165,31,9.1,4.8,0%,0%
139304092,304,21,cpm,300012,139304092,2019-06-11 19:22:08+00:00,15,lnd_7318c,47.610451,-122.344254,Seattle,18,39,4,5,75,81883,1.37,46,0.76,1200,0.47,0.41,12,45.5,7.19,10000,229165,31,9.1,4.8,0%,0%
139310109,304,31,cpm,300011,139310109,2019-06-11 23:32:08+00:00,15,lnd_7318u,47.610451,-122.344254,Seattle,18,39,4,5,75,81883,1.37,46,0.76,1200,0.47,0.41,12,45.5,7.19,10000,229165,31,9.1,4.8,0%,0%
139310125,304,32.6,celcius,300019,139310125,2019-06-11 23:22:08+00:00,15,"DeviceID:30001,Temperature:32.6",47.610451,-122.344254,Seattle,18,39,4,5,75,81883,1.37,46,0.76,1200,0.47,0.41,12,45.5,7.19,10000,229165,31,9.1,4.8,0%,0%
139310128,304,29.6,celcius,300019,139310128,2019-06-11 23:52:08+00:00,15,"DeviceID:30001,Temperature:29.6",47.610451,-122.344254,Seattle,18,39,4,5,75,81883,1.37,46,0.76,1200,0.47,0.41,12,45.5,7.19,10000,229165,31,9.1,4.8,0%,0%
139313002,304,29,cpm,300011,139313002,2019-06-12 02:22:08+00:00,15,lnd_7318u,47.610451,-122.344254,Seattle,18,39,4,5,75,81883,1.37,46,0.76,1200,0.47,0.41,12,45.5,7.19,10000,229165,31,9.1,4.8,0%,0%